{
	"partitions" : [
		{
			"name" : "Top",
			"pins" : [
				{
					"name" : "dispense",
					"strict" : false
				},
				{
					"name" : "coin_return",
					"strict" : false
				},
				{
					"name" : "sys_clk",
					"strict" : false
				},
				{
					"name" : "sys_rst_n",
					"strict" : false
				},
				{
					"name" : "cancel",
					"strict" : false
				},
				{
					"name" : "nickel",
					"strict" : false
				},
				{
					"name" : "dime",
					"strict" : false
				},
				{
					"name" : "quarter",
					"strict" : false
				}
			]
		}
	]
}